{"cameraMode":{"drawMode":0,"name":"Shaded","section":"Shading Mode"},"sceneLighting":false,"audioPlay":false,"sceneViewState":{"m_AlwaysRefresh":false,"showFog":true,"showSkybox":true,"showFlares":true,"showImageEffects":true,"showParticleSystems":true,"showVisualEffectGraphs":true,"m_FxEnabled":true},"in2DMode":false,"pivot":{"x":26.47692108154297,"y":14.457959175109864,"z":-21.692968368530275},"rotation":{"x":-0.2111959606409073,"y":-0.23428772389888764,"z":0.052221886813640597,"w":-0.9475156664848328},"size":4.148429870605469,"orthographic":false}